grpid,jobsat,cohes,posaff,pay,neglead,wload,tasksig
1,-1.717411281,0.913756698,0.442931997,0.510542844,0.312797361,-0.086055317,0.785299629
1,0.237316204,0.049898482,-0.309618998,-1.967199269,-1.904683606,-0.620962815,-0.054553077
1,-2.09795782,-2.345011773,1.302606329,-2.748838485,-0.124334413,-0.62687569,1.179428326
1,2.932551998,0.636306903,1.173915496,1.35528253,-1.298397352,-1.514033317,0.35944063
1,0.144980934,2.667068187,0.841099444,-1.185332076,0.064628684,0.543227459,0.299351073
1,-1.995480817,4.680034778,-0.848954312,-0.399116783,0.387057295,-0.021351384,1.416371885
1,-2.874921073,3.433356144,0.382691543,0.564874799,-1.868520987,0.154267421,1.844942469
1,0.381143353,0.476218002,-0.049125683,-2.21153755,-0.881834149,-0.332855296,-0.481161767
1,2.332833096,2.491789745,0.595705569,0.403595171,0.187044182,-0.398953265,0.127486933
1,-1.500119069,-0.430890686,-1.483627252,0.245645408,-1.24438206,-0.421262987,-0.145660637
1,4.273297996,-1.425592837,0.841870072,0.406675123,-0.305358167,-0.950724211,2.376489206
1,-0.679996017,0.127703068,-0.922322503,0.797854352,-1.210955298,-0.945127344,0.347096739
1,-1.878448873,-0.164195488,-0.520410304,0.084163409,-1.542522282,1.128959405,-0.59765683
1,-1.526042455,4.078256141,-0.130691026,-0.095132374,0.416320637,1.204044622,-0.374155357
1,2.043344608,4.705183803,-1.575140108,0.743882446,-0.501145566,-1.488056701,-0.827912007
2,4.440109751,3.529381288,0.798722376,0.232274655,-1.219614585,1.452368862,-0.636128631
2,0.053345812,1.369026127,1.519575512,-0.174934514,0.619952477,-1.14729242,1.143041988
2,0.225138978,0.261106983,0.843038052,0.657707476,-0.090121877,-0.29245161,-0.068738382
2,0.654346374,2.23037759,-0.392207626,0.124687509,0.718238387,0.393004842,1.239275629
2,3.100333546,-4.614200644,0.489911133,0.796317677,-0.263769062,-1.213304087,-0.814079207
2,3.759248972,3.315854863,0.879500522,0.550006522,0.110687315,0.241003444,1.2879461
2,2.827465046,2.371798535,0.973614307,-1.25724751,-2.200547724,-0.374547734,0.653863127
2,5.964626046,0.458002638,-1.064939108,0.485444231,-2.948557656,0.549724745,1.549175629
2,1.054667125,0.388199714,-0.161101372,-1.739163553,-0.884387179,0.049248052,-0.097283142
2,5.026378697,-2.716273763,0.339477406,-0.0849228,0.791433961,-0.511741116,-1.172024973
2,1.28885535,-0.7036412,-0.558292346,0.703384889,1.280706218,-1.519560453,-0.417829166
2,2.342717975,3.208563382,0.227386105,-1.058795708,-0.02283805,-0.251582816,-0.258273512
2,0.184199184,3.83874312,2.045644323,-0.443319011,0.36386094,1.601930096,-0.103578683
2,2.634309791,-3.085881125,-0.562936558,-1.086505658,1.095942539,0.163815076,2.677344241
2,-2.289647657,-1.04075344,-1.682682325,1.834973918,1.411665912,0.145747561,-0.425363424
3,-1.388968919,-4.032269676,0.103972036,-0.222840589,1.978014546,-2.017087969,0.812936352
3,-1.783154665,-4.043987158,-1.259668437,0.989565724,-0.712123864,-1.335282692,1.534573718
3,-0.617795422,0.515187844,1.166217149,0.506727663,-0.692353598,1.313173518,0.285304853
3,-2.497503275,-3.586347433,1.079026784,1.062992307,-0.642162496,-1.023898092,-0.619326468
3,-2.469496308,-5.656700384,-0.539995219,-0.333239759,-0.021419614,-0.933437819,0.157131287
3,-2.236599126,-3.644710226,1.317669598,-2.307431729,-0.048787947,0.065061293,-0.384349195
3,2.916008306,4.690563428,1.664075913,1.155895401,-0.934060975,1.330580234,-0.068964634
3,1.013355808,-1.590163118,0.55254436,2.016823365,0.656851008,-0.701784337,2.093841032
3,-2.823570616,-1.239866221,0.326792426,-0.465745612,-1.620349271,-0.406715757,-0.25393944
3,-3.33054296,-3.512213067,-0.086359942,-1.09503651,0.209935248,-0.712425053,-0.523228062
3,0.949357758,-4.151721968,-1.027744782,-1.004003844,1.770728591,0.616400047,1.059103954
3,-1.607698217,-1.122561589,1.398619987,0.591924323,1.999726164,-0.727364478,0.556939185
3,0.734344535,-8.432272288,0.986412632,1.140066295,-0.863875226,-0.379649221,0.55049094
3,-0.783105777,-5.371833735,0.092784274,0.015818615,-0.004868266,-1.118546782,2.770237053
3,-5.444078411,-1.341505842,-1.743315827,-0.688073125,1.08119895,0.171582817,1.051362978
4,6.312795372,1.123639685,0.734911545,0.282102503,-3.132131431,-0.733177398,0.099515837
4,1.340228973,2.276869193,-0.468180496,0.048942814,-1.382476706,-0.055552768,0.576992911
4,-1.392136963,2.135994628,-0.798728737,-0.71997347,-0.386528602,0.95394018,-0.109040537
4,2.989702994,2.506435183,0.724993322,1.194404107,0.300122593,-0.284632624,-0.537292096
4,0.176800943,0.681702916,-0.375826048,1.615824835,-1.16841284,-2.242634333,-0.959022377
4,-0.328967657,-1.066468518,0.441180918,0.336275962,0.931218933,-0.495262272,-0.712321866
4,2.03704865,-1.138932605,-0.109318522,0.183249543,0.852918397,1.111820866,-1.257198566
4,2.111899442,-0.711050868,0.654614449,-0.143396228,-0.015748591,0.918716244,1.215606883
4,1.116606064,-0.713396426,1.005020981,-0.000906347,-1.377005005,2.497677886,1.888034989
4,-2.135937276,2.254023444,-0.343120193,-1.419584769,-0.279190171,-0.735636707,0.268600294
4,0.22097457,-1.170203203,0.322818264,-1.380739025,-0.562440713,-1.483564272,0.047281021
4,3.210407652,2.983236398,1.267510404,1.72967337,0.429473233,0.806891054,1.787487889
4,0.739773188,1.907970946,-0.872188844,0.663542343,-1.240014113,-0.13850654,-1.203896607
4,0.575400463,-2.947683529,0.136671405,0.600037679,-0.52311175,0.875365368,-0.987810166
4,2.399199719,1.915884166,0.835826696,-1.263618003,-0.798120987,1.785918488,0.668418466
5,-3.644920867,1.759865786,0.008131579,-2.830741209,-0.44267133,0.837002509,0.688901637
5,2.1008494,0.130899113,-1.686617039,0.73747223,-0.328319211,-0.376486271,0.644323792
5,-0.487449052,5.183510973,-0.686767907,0.099667284,1.010977577,0.180799121,0.924417258
5,-0.757881846,-2.269736946,-1.171152787,0.664534717,1.519401697,-0.970633903,-1.150271515
5,-4.332929019,-0.241542831,-2.141384445,-0.308160443,0.908051564,0.519566489,2.067885682
5,0.541089353,5.901573573,1.661709888,-0.383993503,-0.132787246,-2.485174897,-0.657230042
5,0.13266653,0.805930128,-0.736711788,1.307039963,2.130682076,0.595239166,-0.050821263
5,-1.547094996,-2.951748531,0.217424661,-1.126366062,-0.854308772,-0.027542584,0.585534707
5,-1.492949468,4.027404124,0.053811385,0.479510754,-0.425033972,0.114681849,-0.017569469
5,-0.65066458,-1.000933153,0.511388839,1.717819352,1.897687765,-0.410461753,1.358731248
5,1.947842371,0.344109563,-1.255468139,0.458521146,-0.799751121,0.561528785,0.938179554
5,3.062932036,0.190371443,-0.721851599,0.253217439,-1.290253403,0.00850038,1.096253775
5,-1.721433999,-0.299848825,-1.069813113,-1.05947839,0.830255893,0.687614723,-0.139211214
5,0.52933483,-1.42675571,-1.787710276,1.102731874,0.153350564,1.064890593,-0.49500214
5,-0.095411775,3.38169758,0.491657422,0.766106367,0.218862724,-0.612215445,0.273817334
6,0.686266112,-1.838578939,0.784013312,0.890497258,-0.381905907,1.789852959,-0.220788569
6,3.28382789,0.094730374,2.583672408,0.812385888,0.419136494,-1.003282533,-1.46081129
6,-1.862982005,-0.406446978,-1.399037543,-1.222776516,-0.053510009,0.90037218,0.518654916
6,-0.382716492,0.429394575,-0.345243445,-0.276340472,-0.281960766,-0.801364811,0.900084804
6,-0.343898137,-3.340783175,-0.177534154,-0.270821595,-0.961432261,-0.161951967,0.590444762
6,3.737414831,5.791440447,0.195272869,0.288968992,-0.794704072,0.288880828,-0.84684369
6,1.792556725,2.639073888,-0.182345541,-0.587118307,-0.802777209,1.168550843,0.068137739
6,1.6457058,-1.894199301,0.568060042,0.954171019,-1.071771804,0.146326957,0.604108407
6,1.879083374,0.664224126,-0.170883463,0.837213418,0.508440644,0.848151915,0.424563822
6,0.509761904,3.83146829,1.035065994,-0.200610469,-1.112736434,0.964278396,1.366653749
6,-3.754376192,-3.197750277,-0.117812402,-1.573960365,-1.971880005,0.167436208,0.541197586
6,1.052204252,3.754265237,-0.603943236,0.456333661,-0.098627353,-0.745138177,2.09684249
6,4.448906766,1.644047223,1.417871448,0.373946126,-1.561406911,-0.747947092,-1.250943214
6,1.910398782,-3.194855834,0.757536506,0.104537078,-0.172906343,0.720593777,1.70678369
6,5.746668241,1.57079596,-0.031075081,1.308622464,-0.960815813,1.440677581,1.024863569
7,3.584196136,-8.497877687,2.43398788,0.522706517,0.190601782,-1.476947126,0.065766756
7,-4.221725164,-1.821751956,0.13358291,0.957915773,1.941158624,1.77232583,0.287401242
7,-0.412141272,1.46536984,1.618089216,0.727497867,0.161003162,0.743364036,-0.733368359
7,0.125319949,-2.820649289,-0.717429116,0.073974462,2.133162523,0.449222378,0.945378083
7,-0.04013006,1.405494409,0.799852616,-0.470465689,-0.689282587,0.85523436,0.22906046
7,0.133126511,-0.825105452,-0.324417982,-0.624220231,-0.270315306,1.261222083,-0.106423654
7,-1.075855457,0.212441535,0.05138106,0.099999474,0.405705859,-0.219153563,-1.786750477
7,1.765437476,1.066529214,0.42496478,-1.874383157,-0.536115019,0.123520493,-0.261031804
7,-1.639963666,0.18604031,-1.522874231,0.45193491,0.996081232,1.255314806,0.513398894
7,2.155615216,1.088098137,0.470232915,0.251430196,-2.532459098,0.314101345,-0.648472505
7,-0.57038675,-0.266981054,-0.744720181,2.225388537,0.836513085,-1.96653629,0.34226416
7,-1.451325456,1.510764166,0.08706784,-0.976863076,2.420343041,-0.381274082,-0.016797997
7,-0.849886725,0.956335465,-0.672649176,-0.528441005,0.481459899,-0.461450073,-1.015448768
7,1.641604251,1.548751705,1.754439616,2.679914817,1.039816865,-0.162518249,1.052568421
7,-0.027293946,1.077078755,1.110326266,-0.030112562,0.915169903,1.670294205,0.576112826
8,3.291155116,3.23289173,-0.030705724,0.320474405,-0.607637316,0.351907006,0.428903294
8,-0.481844467,-1.689525439,0.275873922,-1.059731376,0.256955593,-0.902715681,1.378163071
8,1.384784171,4.664202349,1.550070433,0.496338374,-1.239184587,-0.782687266,-0.160371426
8,2.566996117,4.527736086,-1.005941464,-0.378506516,-0.786962319,0.496892015,1.741093713
8,-2.595761575,2.104322676,0.259568132,-0.994279383,-0.746575553,-1.288319214,-1.171697292
8,-4.15992487,0.351348192,1.044780897,-1.020680571,0.766097937,2.127938181,-0.222087824
8,0.751454861,0.088679874,-0.514000404,0.258207901,-1.217032011,0.032639631,0.104229984
8,-0.385350662,1.619920259,0.198301228,-0.68863544,-2.938387041,2.524813501,2.26672584
8,1.716127398,0.543548096,0.004253135,0.997242975,1.901498763,0.863532097,0.582007887
8,-0.332342244,3.126335934,-0.734650155,0.202523821,1.189289311,-0.232707684,0.86575907
8,2.22365311,-0.934529654,-0.923672391,1.847249407,-0.714908959,0.221246487,0.687733753
8,-1.339994858,0.310378772,-1.572313148,0.448648216,0.09580098,-1.671648184,-0.21632326
8,0.237282018,3.161315471,0.225241079,0.515685781,-1.190977051,-1.077633386,3.120802632
8,-1.329844421,-1.409701736,-0.232982069,-2.528609449,0.140360009,-1.199699707,0.373577956
8,-1.579239395,3.335804988,-0.641478871,-0.105989597,-0.491068896,-0.471640718,-0.096829591
9,0.847713986,-0.086559211,-0.25148927,-0.389618549,-1.082604786,0.280183795,0.630016724
9,-1.257281745,4.841287898,0.168232697,-1.589456184,0.058450017,0.260448532,1.011108781
9,-0.617071627,5.58862168,1.649191709,0.182435049,1.504131185,-0.320572618,0.09655699
9,-2.607609309,2.941973035,-0.778452764,-0.598175048,1.637694031,0.704821057,0.359332151
9,0.870588655,-0.44977259,0.259626652,-1.63071622,0.509187582,-1.203237138,1.727381872
9,3.210035013,-0.89639387,-0.326819327,1.836310632,0.211458011,0.455506037,1.253062685
9,-0.56213074,0.173961291,-0.039142681,-0.394919495,0.527384806,1.878446444,-0.381671543
9,0.086855516,0.365096853,0.027163228,-0.569795463,0.693689137,-0.222266122,0.117127787
9,-1.324105012,1.429496451,-0.050190499,-1.341444788,-0.486742961,-0.717434359,-0.875799466
9,-1.364737396,2.464418385,-2.099241896,-0.412517898,0.150252758,0.863012093,1.737967278
9,0.601967719,2.112733386,-0.782950578,-0.375193213,-0.08981675,0.806977391,0.02068197
9,2.570251919,-1.444958986,0.457920746,2.386996174,-0.466126011,-0.40754933,1.34774337
9,-0.282551685,2.895786666,-0.063516808,-0.501547593,-1.819845822,-1.103030469,0.679137092
9,0.338019185,5.59869792,-0.761756397,-1.806773123,1.085256245,1.782446484,1.747258537
9,-3.924288119,-0.545963168,1.903249885,-2.36316706,0.801286623,-0.166316187,0.287678352
10,-1.166488621,2.354743985,-1.007308534,-0.26912825,0.141577748,-0.957396572,-0.295952542
10,4.654876662,-0.980479184,-1.244609414,-0.729422869,-0.141787185,0.689269241,-0.587257549
10,-0.977732674,-1.900085584,-0.940329237,0.916951185,-0.30235314,-1.48579817,1.31747759
10,0.096701016,-0.178606048,-0.057381561,-0.668512393,0.621347747,0.180158219,1.052060854
10,-5.174035193,2.797637954,0.36807444,-1.752120087,2.606165083,-1.154795383,1.991080523
10,-1.693680956,-4.036920047,-0.492429422,-0.061034654,-0.652158051,0.972407472,0.785076936
10,0.959236559,0.38314002,0.005651925,0.762000249,0.107131687,-0.406945982,1.028286424
10,-1.657671878,3.709346297,0.135278773,-0.315915105,-1.362789514,-1.211646647,-0.760301618
10,0.952529772,0.302895805,1.535862781,0.792889632,-1.757446989,-0.57471161,-0.414178087
10,2.037167812,-2.449940655,3.050695588,1.43817392,-0.018553364,-0.611238113,-1.088963348
10,-1.550136333,1.247887234,1.131450198,0.215661734,0.094719706,-0.641314554,1.901566888
10,2.650794021,-1.757094945,-0.523074723,-0.057213416,0.521944761,0.724506446,0.300247211
10,-2.22830195,0.573418512,0.388418166,0.745526938,1.880865546,-1.829283942,1.266636431
10,-6.90692284,-4.164242677,-0.548640767,-0.393174299,0.918984796,-0.648768303,-0.367675097
10,4.373210472,-0.626110209,0.820808799,0.866050766,0.057459945,-0.611689516,0.519159134
11,-1.353852903,3.715305088,0.662330024,-0.206050165,-0.519782813,-0.284923382,0.086716756
11,2.226765391,2.898826837,0.805313174,-2.059765036,0.165054578,-0.14470727,0.581706341
11,1.758017054,0.276646939,-0.475493815,0.888396108,-0.290990967,-0.662261293,1.050025887
11,0.82097451,3.052680724,-0.60851609,-0.857486341,1.789445352,0.526562362,0.826517147
11,2.557040089,-2.743277273,-0.456021991,0.674312902,-0.956504229,0.448021371,0.187763823
11,0.58296796,7.042475335,-0.796483149,0.74552412,0.195351691,1.349638769,-0.336081439
11,-0.584455741,-2.836157609,1.247333874,2.050638558,0.734678466,2.443728364,-1.069274767
11,2.495827192,1.753733474,0.740807665,0.481282753,1.182758038,1.06851252,0.027480368
11,1.499236466,-0.428362371,-0.589618411,1.111169435,-1.356167487,-0.383115317,0.21206983
11,-1.450878598,-0.161463948,-0.640097516,-0.434859608,-0.0931772,0.997547038,-0.913174058
11,-1.143878375,4.685515247,-0.014813966,0.557977547,-1.777308432,-0.379757333,0.663065757
11,3.488556737,2.257506002,0.806400751,1.00749642,-0.511364213,0.166442991,-0.655526144
11,0.850849476,-1.739398355,-0.956579675,0.136501428,-0.190749047,-0.372200022,-0.021295438
11,0.127321266,1.027392318,-1.26229157,-0.691193001,-0.444570432,0.513799068,0.543428209
11,2.112690997,3.883187292,0.505860838,-0.428755736,-0.980272813,-1.400414489,-0.05453681
12,-2.950159153,0.100004054,-1.304838072,-0.019872815,0.246659848,-1.87715716,0.736095986
12,0.702925118,-0.801316919,1.044771606,-1.736934256,1.200639848,1.111456455,0.259608892
12,0.84352867,2.124630397,-0.496422244,-0.901064753,-0.626626544,-2.45829829,0.355272336
12,-0.223251487,-1.008949917,-0.367174257,-1.24166643,-0.672263556,-0.595269064,0.882873325
12,2.630059117,2.203395912,-0.211111372,-0.478749193,-1.042556157,1.283250204,-0.255511236
12,2.340133953,2.973205032,-0.175570549,0.084389493,-1.589590587,1.159413904,0.674740298
12,3.442113668,-3.654755474,0.361823231,-1.079201765,-1.047500671,1.568043578,0.2478275
12,2.400267042,1.299751714,-0.846755718,-0.21082526,-0.547147906,0.806862212,-0.58934792
12,-0.995452193,-1.149797409,0.779950695,0.605082372,1.32720755,0.066963646,0.020093393
12,0.245633934,-2.519316232,1.913559857,-0.144621405,0.592692824,-1.22221153,-0.800530872
12,4.439114712,-2.535859881,0.23386577,0.612005651,-0.864950669,0.522391025,0.009522206
12,5.963946901,-0.40724189,0.19070408,1.750181201,-0.540481179,-0.103385435,-1.520860423
12,0.612984087,0.563817193,-0.858087137,0.174604659,-1.467077789,1.010203724,0.867415495
12,-0.963817527,0.44216909,1.698943226,-0.350951098,-1.646574757,-0.511909846,0.420150147
12,3.823829625,-1.346307758,1.068931413,0.975639638,0.157233863,-0.499744086,1.984508288
13,2.994930707,5.689393613,1.632888461,0.292377116,-0.774313983,1.46658719,0.400696254
13,1.909421139,1.554189336,-1.064080326,0.430882637,-1.812732186,0.789765238,-0.61388821
13,0.255644076,1.620845332,-0.230979397,-0.742765994,-0.31474994,2.153358624,1.249663326
13,1.243658063,-1.109496597,-0.5223216,0.14020564,0.796638572,-1.123734232,1.349355748
13,2.625737382,0.670874547,-0.049143384,-0.277014357,-2.340999663,1.266545706,0.301232408
13,-1.718039602,-1.990680245,-0.043765942,0.491013098,0.924787953,0.431845714,0.293942409
13,0.349102942,-0.870633884,-0.31260035,1.236662869,1.034379462,-0.8660933,0.230635445
13,-7.329337785,1.965202627,-2.107348781,-2.217004797,2.012098502,-1.487608862,-0.454270032
13,-0.789629754,-1.223909895,-0.363975678,-0.490805246,0.880645957,-0.886238167,1.154267237
13,2.355499412,-0.970389086,0.810495598,-0.898905892,1.068679252,0.42010868,0.60934368
13,-1.020616876,1.465930592,0.26679887,-1.648767003,0.120490254,-0.280625972,0.136096028
13,-4.062895486,2.389580234,0.132767083,-0.594873204,0.404135399,-0.356045883,0.544973071
13,-4.169160113,-0.674892178,0.513509281,0.252481175,0.886118979,-1.40625481,0.341187143
13,-0.686019566,-0.378622137,-1.278320544,-0.385066998,0.105936011,1.466727479,-0.21921152
13,1.89896043,1.958917883,-1.303727414,0.461098694,0.946609184,0.475191832,0.228483001
14,-2.83179768,0.286132375,-0.597438965,0.131684692,2.22499433,-1.605309171,2.097627038
14,-0.863020395,1.192675701,0.954016745,-0.361249694,1.360387238,0.853742715,0.476854556
14,1.086726027,3.016080779,-0.711880945,0.482366155,-0.098782126,0.46228336,-0.067000078
14,0.730456834,0.233144551,1.229988622,-1.535462914,0.183528657,-1.919457033,0.018409093
14,6.478042432,0.586467156,0.994297307,1.843645922,-0.237776211,0.162679437,-0.932199678
14,-0.792106382,1.566435346,0.810197101,-1.187707271,-1.211767423,0.583302234,0.175838472
14,0.844292207,1.390255023,-0.088874911,-2.172227934,-0.421600412,-1.241856125,-0.608364381
14,-0.900210668,2.087132937,0.974529423,-0.687228103,-0.777054732,0.397736237,0.718599569
14,1.460049977,2.341432075,-2.311346485,1.325941054,0.065480659,0.489143363,1.379534853
14,-1.114929694,-0.21136797,-0.459302475,-1.330183694,-0.178292857,0.999183502,-0.398565782
14,2.359550288,3.333712411,-0.503884235,0.715765377,-1.812705975,1.790468527,2.057000599
14,0.241799819,2.262743387,-1.250624941,-1.115018395,1.09502201,-0.231740633,-0.382214187
14,1.688738027,3.35597009,-0.622943529,0.518780159,-0.358911279,0.68760062,0.506668065
14,-0.005791049,5.098823819,-1.258002149,0.465263031,0.23614019,-0.236939727,1.147813349
14,2.222635873,1.647381685,1.31773156,-0.107509939,-0.54378413,0.205735215,1.777324116
15,-0.144867054,-6.50385139,0.526609117,1.394492308,0.205729632,0.592604692,1.579710918
15,0.823717332,-0.357503347,1.400134811,-0.077942826,-1.224045915,0.451500138,0.537674382
15,5.019774014,2.722196056,2.508269951,1.751357898,-1.246919828,-0.342451923,1.831933746
15,5.750813407,-3.090376671,1.0795219,1.442779954,0.18495932,-0.204874717,0.222031042
15,-0.546384122,-1.754514085,-1.466934815,-1.106573956,-2.404742845,0.384551182,-0.147585191
15,0.733605863,-2.999985558,0.30714857,1.106374451,0.527707641,-2.854149013,-0.37133838
15,0.298122073,-2.595201994,0.078312656,-0.953709215,-0.958317646,0.162654976,0.491841928
15,-2.939452939,1.102640626,1.915965033,-1.407703294,-0.319638407,-0.440031417,0.031513286
15,1.443559676,-4.960767947,0.130439156,0.010467706,-2.431651747,0.250372616,-0.615348712
15,-1.042773176,0.62152949,-0.952565448,-0.67084092,-0.673631765,-0.535097916,-0.728323635
15,3.968239616,-3.030680524,0.023894557,-0.720158842,-0.419418244,-1.191173096,-0.48609565
15,0.397461228,-4.195120586,0.457079937,-0.199834293,0.381784327,1.002616628,0.062599685
15,1.677615626,1.101108898,1.670054288,0.630252238,-1.363197866,0.59705288,0.169797172
15,0.34426137,0.366333911,1.506900732,0.018453088,0.20625447,-2.118336715,-0.542120857
15,-1.718752827,-0.990737888,1.299455452,-1.795560952,-0.73028057,-0.223257853,2.506213106
16,-0.784376987,-2.842498268,-1.559029058,-0.457342452,1.375176015,-2.141814285,-0.611649978
16,3.430598226,-2.69263628,-0.733248611,0.290250394,-0.716773939,-0.649635903,-0.225672408
16,-4.881186042,1.640937486,-0.067616783,-0.642988441,2.300417536,0.219459958,2.098982972
16,-1.266109731,3.848440528,-1.321520444,-0.291334153,1.266686074,0.838074176,0.68182671
16,-3.523461227,-0.904700085,0.470520322,-1.140788602,-1.452044879,1.324206631,1.033261358
16,-1.619317717,0.972444094,-0.142827632,0.098970626,-1.422315943,-0.995644106,0.822318843
16,-3.681504199,0.27588548,0.90863744,0.55289414,-0.516562554,0.679680677,-0.643586265
16,-1.109666775,-2.723368089,-0.792038106,-1.815797795,0.397363023,-0.318112907,-0.170124895
16,-2.174512149,-0.063663809,1.307820361,0.365149761,3.161163536,0.877061541,0.578237706
16,-3.054161228,1.928033905,-0.075619929,1.343968616,-1.379638602,0.600800607,1.456919433
16,1.345474238,-0.665437045,-0.712835415,1.30455829,-0.271238023,-0.637783745,1.339004113
16,0.785005042,1.366246327,0.811920325,0.479971222,-0.748061385,1.017855074,-0.609498953
16,4.543412449,-1.054893909,-0.761706173,0.668702506,-1.352282049,-1.209053827,0.013444785
16,-1.598802967,-2.552443917,-0.235447439,1.672051334,1.03208458,-0.4506494,0.014225503
16,-0.546133548,2.660082481,1.914853109,0.042859607,1.388202356,0.482433735,0.078390165
17,-1.830184652,0.331817338,0.791494627,1.032255501,3.130280006,-0.966153121,0.248712916
17,-2.838147145,-1.074118565,0.135161569,-0.387780478,2.702772981,1.248854475,-0.079390474
17,-1.916221403,3.818513645,1.041556,0.346624869,1.478838781,-0.111490298,0.623311526
17,-1.491453104,4.131868089,-1.550852983,-0.147649576,0.406378749,-0.210372324,-0.553667877
17,2.093164499,-1.050612973,1.812884182,1.177470466,-1.350364739,-0.420635702,2.270710612
17,2.584598032,-3.939170625,3.011007277,-1.457406645,-0.775795716,1.336667262,0.888156709
17,-3.501232062,0.002062862,-1.497278469,1.010003468,1.785334926,1.335495808,-0.2662323
17,0.207728247,0.713015236,-0.195783646,0.685443045,0.822203673,-0.346081003,-0.293427874
17,2.302204726,-1.814872828,-0.053587192,0.922510073,0.651590115,1.734062048,1.325661637
17,0.14114709,-1.407722516,0.186899004,1.013124995,-0.795730762,0.450824268,-0.776847348
17,-1.426097783,-2.150200117,0.625212945,-1.383778318,0.924033069,-0.496814263,-0.125036974
17,-3.06551994,0.996475967,1.359481897,-0.166518737,-0.283045557,-0.245856334,0.407749825
17,-3.370888331,0.004245383,0.692095324,1.151264822,-0.332304918,0.28958488,-0.236797758
17,-2.187954271,3.358467568,1.930933724,0.562017916,-0.778123911,-0.348587119,0.481589689
17,0.24997002,1.343655266,-0.534426532,0.958745973,0.497846947,-0.833922803,-0.022857439
18,0.228625016,-1.048885108,-1.932114971,-1.377995179,0.206980412,-1.478043263,-1.201725552
18,0.877565572,0.118181288,0.632684729,0.861444706,-0.86338165,-0.320798513,1.698618947
18,6.578080051,4.842770655,1.342653627,0.932048425,-1.595250787,0.962304502,0.790522534
18,2.25336373,-2.727755983,0.922923577,0.600455974,-2.316155988,0.143988398,-0.453448458
18,4.153275524,2.868156386,-0.790154173,1.163907174,1.537575545,0.490315844,1.102707984
18,0.601799804,0.121141507,0.134476813,-0.137477896,0.224764376,-1.457244284,1.053411764
18,-0.519101771,4.114856096,-1.642508065,-0.144699983,1.426056555,0.132789552,0.101396483
18,3.550562506,1.311341667,0.821467068,0.626012527,1.306923582,0.941884755,0.343788876
18,3.258977653,0.050000791,-0.753819542,0.685160646,-0.305424649,0.490976706,-0.769383761
18,4.060360547,4.907771517,-0.19892392,0.389512144,-2.276480094,0.183702337,0.350680789
18,-0.145133951,2.354102224,-1.361301576,-1.06234769,1.062308839,1.420610873,0.842511446
18,0.582624482,-2.434052372,0.6984813,0.003114577,0.21327331,-0.479844081,-0.435542438
18,-4.351485129,0.730734812,1.33234098,-0.880184775,-0.853221758,0.765543921,0.032224717
18,-2.736026487,4.138527847,-0.848365034,0.253505768,0.270484976,0.372237416,2.172914603
18,-0.344490832,0.079563298,0.326312402,-0.766809751,-0.468112573,0.176480551,0.457143076
19,-2.559006176,0.609903559,-1.554721812,1.453697162,0.247655137,-1.286176329,-0.732658643
19,2.87029732,1.754184608,0.01599043,2.096316545,-0.485273349,0.786784823,-1.135769284
19,4.15612318,0.293386933,0.227814905,0.612797697,1.471732941,-0.611017408,0.928051693
19,1.349377004,0.422946722,-0.352040143,0.454701302,0.093066266,-0.31593913,0.122675757
19,-0.884874783,-2.294739709,-0.43003052,-1.796868879,-0.357556376,-1.216317931,0.476386079
19,0.732958539,0.107074619,0.345158024,-1.190157947,-1.109503903,-2.708876863,1.860983804
19,2.984063143,3.132587179,0.298801149,2.21612971,0.306646576,1.254975172,0.786748028
19,1.979367481,0.616832354,0.080229242,-0.751129039,-0.73501415,1.148051161,0.142887432
19,-1.600839184,3.054064486,0.4955592,-0.390342971,1.099476691,-0.921891621,-0.290117462
19,-1.955316178,3.102998468,-1.370845158,-0.188314179,0.952296114,-0.797788029,0.955410401
19,-1.654691877,1.539147662,0.918376798,-2.180883375,-0.135306483,-0.223684459,0.714831573
19,1.255242498,3.934932846,-0.482354729,-0.334906419,-0.563343058,-0.581475456,1.401274488
19,0.998657262,-0.677112664,-0.015433611,-0.156520149,-2.057971639,-0.611911189,-0.642394554
19,2.92045468,-1.631557948,0.604987148,-1.139153716,-0.98057351,-0.614591199,1.707532717
19,-3.132296244,1.188551066,0.294257584,0.031488128,0.902127175,-0.546430237,-0.766334534
20,0.316127079,4.71580244,-1.797683634,0.022242045,0.363893439,-0.299758366,-0.627518315
20,1.740065919,2.697559317,-0.045565704,-0.842934147,-0.470287383,-0.972434355,0.87778732
20,0.91179968,5.536506764,-0.065375228,-0.591970751,0.41734973,0.358797116,2.148390276
20,1.826941252,1.143256317,1.61550777,1.408835794,-0.294833164,1.668866261,0.710377646
20,-0.406877577,1.947927787,1.291268895,-1.23493653,0.693341027,1.076901243,-0.906399016
20,2.665971039,0.546140075,-0.249869541,0.560472681,-0.33735704,0.497465827,0.002854967
20,-0.787754807,-0.175367625,-1.383160846,0.218631713,0.791200471,-0.590581066,1.94538877
20,-3.258905741,0.55026365,-0.37134558,-0.212878297,-1.185561177,-0.39776002,0.131794068
20,-2.164733098,-1.354048454,-2.177513371,0.531684418,0.676916885,-0.115028086,0.489703599
20,-2.249636156,2.58290423,-0.466516257,0.819692801,1.362507961,-1.315549515,0.740247839
20,-4.811221722,0.256326749,0.616372212,-0.290303061,-0.728721619,0.123252875,-1.121453349
20,-0.732761848,0.482883326,0.510177592,0.373300081,-0.204266744,0.056705782,1.033951013
20,-0.252407621,-2.446581864,-1.632884631,0.007363974,0.790844852,0.847431672,-0.097016976
20,-2.852260288,0.738043429,0.518309302,-0.684444847,0.081022198,-1.179945454,0.381746726
20,2.412396071,3.85654853,-0.118515471,1.394242175,-0.132157788,0.735123477,0.125926088
21,-1.53895204,-1.193679976,0.218889227,-0.469769891,-1.161631565,-0.440278887,1.26069913
21,-2.644241181,-4.620584292,2.429517243,-0.60309155,0.370056604,1.029451995,0.515021156
21,-1.443647699,-0.254397189,-1.009569361,-0.754935561,1.011289442,-0.116360828,0.215690119
21,-0.287403441,-2.071829681,-0.043772561,-0.324472353,-0.906073757,1.346278115,-0.708510662
21,-1.133114248,-1.258112516,0.222224596,-1.629144215,0.293222191,-0.507325157,-0.299349169
21,2.838041849,-0.249678926,1.242784641,0.716256669,1.087151139,0.681941226,1.661081229
21,3.542611662,-1.623014947,0.701045071,2.67170187,-1.750103994,-0.655780321,-0.935748624
21,-2.854142903,4.125459765,-0.730601203,0.116470122,-2.002227532,-0.315067812,0.919930877
21,-2.804103499,1.103845315,0.855532326,-0.706676784,-0.649824345,0.64560316,1.15060262
21,1.382012848,2.16839521,2.619698665,0.938383337,-1.235660832,-1.149120232,0.705120124
21,-1.242465276,-1.683979179,0.366917455,-0.039045579,-0.245994411,-0.277959279,0.485932226
21,1.581894832,2.634618485,0.189868126,0.293341469,1.620520742,-0.524994475,1.569347865
21,-0.662821972,-1.957522859,0.154247139,0.983823336,1.28144338,-1.027339087,2.085897962
21,-2.079427889,0.952465527,-0.341733343,0.488714833,-0.190883714,1.856372864,-0.548237871
21,-2.857866498,0.620825956,-0.265931763,-0.940613229,1.237990804,-0.574649198,-0.370072067
22,-5.155000392,-0.382046521,-0.231091266,-0.273874766,0.617459884,1.484430456,1.078369566
22,0.867163246,-5.210045992,0.173837591,0.623430412,1.114174307,-0.712993925,-1.361912082
22,-3.500446702,-0.655500224,-0.412339156,-0.171506424,-0.273705756,0.394031094,0.806554208
22,-0.595000666,-1.910692846,0.026202492,1.362486773,-0.417625233,-1.421247632,-2.41589698
22,-0.175083122,-1.753213877,-0.574045361,1.583408644,1.051793575,-1.483443908,0.994082669
22,2.003240743,1.331878303,0.050948743,0.294244366,-0.408779004,-0.719179252,0.434624479
22,1.280115351,-1.110614452,0.526973381,0.104172325,2.546545125,1.525874727,-1.110935758
22,-2.578556613,-0.471897453,1.587674166,0.987337275,0.311632362,0.26716864,-1.09939294
22,-2.094753164,2.387960586,1.276406655,-0.513340556,0.32516406,-1.054150233,-0.354999575
22,-2.652507107,0.306873615,-1.332280521,-1.579046045,0.408541277,0.672491204,0.836407927
22,-3.644072092,3.221459399,-0.434820558,0.038630944,-0.242474274,0.549922792,0.381200129
22,0.334103556,-2.115641537,-0.845526928,-0.074157665,-0.509370395,-1.480162167,1.010823331
22,-2.198228004,2.598518115,-0.815965283,0.733238554,-1.142632324,-2.320017954,1.343104998
22,-0.805941703,1.955436254,0.398792627,-0.734859445,-1.029229054,-0.514846332,-0.233876308
22,0.08895512,3.303887816,1.551272891,0.114500867,0.119846877,-0.894797804,2.330751138
23,-0.729902221,-3.724645121,0.865729276,-1.23782845,-0.539166958,2.212246398,0.160862733
23,0.45314903,-1.434500772,-2.236591951,-0.576867489,-0.04162481,-0.997516694,0.371377197
23,-3.946026563,0.116704747,-0.092498154,1.108749605,0.778052287,-0.784973581,-0.395461747
23,4.289681178,-2.658086654,-0.72287126,1.589879254,-0.400392811,-0.095839601,0.730135169
23,-1.147077841,-1.04781477,-2.963161653,-1.171745902,-2.115877898,-1.656812309,1.063160897
23,-0.206478459,-3.124802943,-0.557149931,-0.811255069,-0.679296021,-0.252275671,-1.011402805
23,3.046773322,-1.634767181,1.47593936,0.118915696,0.831454964,1.86570413,-0.190331277
23,1.010999582,2.371940023,-0.840592273,-0.141872304,-0.186818347,-0.959968254,0.837218866
23,2.262361165,5.060870293,-1.007573115,1.338217898,-1.227404523,-2.793562651,0.395034356
23,-0.910570573,-0.446549033,-0.398636537,0.299504638,1.239506644,0.682727963,1.276368356
23,-4.008016912,3.229802772,-0.096397121,0.806900843,1.413643337,0.626603148,0.766290644
23,-0.763523986,0.86099748,-0.605464008,-0.624200649,1.895379718,0.207411943,-0.147241836
23,-3.769832124,-0.286173083,-2.849883103,-0.108091339,2.673860362,0.371936409,-1.097575289
23,-4.271146885,1.832482989,1.446190772,-0.180583378,1.35378639,0.62722188,2.038909506
23,-4.112138429,1.902287881,-0.874030111,-1.395072367,2.137446545,-0.794299272,-1.268411259
24,-2.089773717,2.184155738,-0.671534009,0.375787671,0.677542686,-0.014724147,-1.382993916
24,1.015341312,1.715969866,0.765145248,-0.891523395,-2.683123951,0.235685839,-0.156797102
24,6.035462482,-1.133399226,0.997991384,1.291741941,-1.118939863,-0.120012503,1.487945375
24,-1.22708866,-1.339638874,-0.373257637,0.5859742,-0.729470942,-0.268899163,1.391522554
24,-1.856229354,-1.064597932,-0.110933971,-0.84083626,0.256430805,1.675957526,-0.066438503
24,-2.251914037,-0.046199671,0.771886791,0.504946452,0.990588938,0.45460522,0.540344512
24,1.418478035,0.09688866,-0.252281423,0.518124656,0.33455907,0.134484794,1.250741465
24,0.235147995,-2.273823255,-0.925408347,1.337714848,-2.703950903,-0.568905458,0.72027537
24,-0.366236885,-3.635021473,-0.543468852,0.485468402,-0.651387471,-0.60280983,-0.328733419
24,-0.303384749,-1.39321859,0.376654167,-0.463269102,-1.073063337,-0.451691269,0.244159462
24,2.712048519,0.218036913,0.156328559,1.45495491,-0.924856357,0.67994894,0.965551873
24,-2.370950257,1.612115937,-0.354562058,-1.99404169,1.550612873,-0.300171932,-1.48285039
24,2.216539788,-1.49898524,0.093662351,-1.037867243,0.341127521,-0.468490539,1.870153428
24,-1.891987415,0.927401821,0.673203662,1.590993941,-0.157418202,-1.194826571,0.573970378
24,-2.136005781,-1.335875876,-0.147447087,2.010896413,0.646488028,-0.045663989,-0.110237456
25,1.437415379,-1.890659333,1.108643049,0.099282727,0.063685242,2.298841035,-0.127811795
25,1.204665954,5.313166963,0.877951628,-0.530983789,1.281919743,0.665650566,1.903962967
25,2.467499733,-0.774411358,0.292528826,0.004947426,-1.356907827,0.729520024,-0.23804348
25,0.849354076,0.693910676,-0.277352817,-0.605880392,1.634570923,0.620265258,0.501496847
25,0.835015412,1.394340956,-0.314636795,0.720617559,-0.706533861,-0.370448154,0.071636058
25,0.946142821,-3.127546532,0.688036728,0.943715667,-1.245763957,0.400967221,0.406115785
25,2.621168111,-2.050785356,1.210064285,1.024061859,-0.313262907,-0.036152356,-0.619412652
25,-2.925096474,1.698350506,-1.34676933,-0.465492538,0.844880518,-1.418130869,-1.084899393
25,-0.841270077,-0.904128222,-0.43111716,0.790406785,0.635954329,-0.701390969,-0.084022343
25,1.021129278,2.148775606,0.615627114,-0.67428082,-2.019462796,-0.427741436,0.460203432
25,-2.45991342,-0.926256245,-1.046505418,-0.19039067,1.002932718,0.815691428,-0.455094993
25,1.703333458,-4.903349246,-0.028046874,1.862775979,0.127257568,0.608603764,-0.227568658
25,-0.343315472,0.630347135,0.070934392,0.354034497,-1.621233713,-2.498951004,-0.735937168
25,0.591314414,-2.382681863,1.73119786,-0.063474663,0.086481335,-0.818144183,-0.871792747
25,0.363950341,-0.604623796,0.908564907,1.403141227,1.900965151,1.915396468,1.102997183
26,0.011703127,0.103187155,0.776674121,-0.514610696,-0.184403352,-0.762530789,-1.053871465
26,-1.742607889,-1.222836399,-0.58486933,-0.531534544,0.102114417,0.963866416,0.982175354
26,2.840223135,1.787748749,0.055725749,1.100976986,-0.943250307,-0.319309473,0.303787863
26,-0.274124434,0.629107693,-0.971865664,0.063845051,0.183010447,0.080213571,0.435950064
26,3.765215687,1.099579325,0.568349215,-0.197239015,-0.16555363,-1.335336204,-1.196222167
26,-2.395025702,1.978117211,0.193458299,-0.904433556,1.018427555,-0.578945125,-0.618653489
26,0.333625648,-0.953903841,-1.344793315,-0.439042177,-2.528472044,0.6650005,-0.921228582
26,-0.026372396,-1.41984288,0.863524924,-0.339155439,0.663746478,0.981439871,-2.372130288
26,-2.572256784,1.856394832,0.67742983,-2.134406819,1.285758531,0.826742843,-0.916093844
26,0.036728753,1.49837956,-1.804518343,1.922914938,0.413896219,0.668210616,-0.743512431
26,-0.049841942,1.859884531,-0.656533419,-1.374794597,-0.737978794,1.329445192,-0.590502651
26,-2.275366437,4.369347956,-0.666128811,1.136207223,0.710037048,1.743460565,-0.735763453
26,-2.344141613,0.313599804,0.074154606,-1.163829651,1.224061367,-0.922933123,0.631252506
26,-2.083114696,-0.91540996,0.063976213,-0.434096464,0.635780239,1.599861256,-0.024482639
26,-2.565388938,5.886389735,1.369122575,-0.161261629,0.632743566,0.485265357,0.025663672
27,2.372848808,6.079340335,-0.26797057,0.603519664,-0.380305218,-0.561486513,-0.430173133
27,-0.935320661,-0.759629927,0.20404895,0.092663667,0.277666167,-1.502548498,-1.031938458
27,0.324820426,-1.535383153,-1.430880317,-1.575186194,0.064691011,0.227387133,-1.757030455
27,0.058390982,4.374398377,-1.722493775,0.472187119,1.5394326,-0.741924649,0.499893236
27,2.243731369,-1.280419211,-0.704325426,-1.884178985,1.095712474,1.814179122,-0.654812839
27,3.663086001,5.695383857,-0.437427075,0.77777129,0.26014411,0.32941483,1.011537763
27,-0.662408008,1.496246423,-0.231892501,-1.194939457,0.421199285,1.508147012,-1.453813152
27,0.554825564,2.056901732,0.491907353,-0.592148451,-1.084178302,0.260218783,0.150814892
27,-1.031227434,0.843224315,-2.512521059,-0.867452569,-0.925960461,1.273901932,0.027440147
27,0.298027348,0.387851917,1.609350379,1.801371144,0.576383589,0.916936757,1.026516471
27,0.643436172,-0.618115735,0.730658029,0.303358677,0.334777399,-0.709776224,-0.887029346
27,2.253093234,1.328637066,-0.4525968,-0.021976047,0.65584536,-0.906905994,-0.974351828
27,0.647051769,0.302035729,0.028344387,-0.547129615,-0.233718711,0.722407274,-1.088152891
27,3.625237794,-1.128002915,-0.783435193,1.429589039,-1.557320249,0.035175728,0.817175691
27,-1.494055548,1.13270494,1.329408865,0.626504495,0.071221428,0.477381099,0.22599415
28,-2.92854688,3.000862189,-0.386636067,-0.20981143,1.592204782,-0.09486893,-0.649226178
28,4.076039202,0.029750118,1.647496236,-0.157631493,-0.039304671,-1.850952565,-0.311901305
28,1.873485763,-0.033854322,-0.17590723,0.543445321,-0.902992546,-0.281081122,1.074783977
28,0.326124637,0.972368917,0.526870015,-1.052045169,-1.453734752,-0.685569502,0.291457706
28,1.942209928,-1.407864227,-0.414925318,-1.196685614,0.046766143,-0.396137419,-0.896865733
28,3.84139305,-1.184246563,-1.086244724,-0.891513052,-0.234133176,-0.950547177,-0.07402333
28,-0.455268649,-1.150522752,-1.391381905,-0.170477331,0.689189905,1.189566439,-0.760623761
28,3.403213734,0.679144376,1.563290834,0.52732915,0.227651214,0.688793705,1.165992964
28,0.759005138,0.400340572,-1.126412599,-0.062948914,-3.261135003,0.784489553,-1.825124855
28,10.19227322,3.202659853,1.270013759,0.642683975,-1.692382839,-1.424359572,0.917414083
28,-0.232797854,3.6258167,0.3995292,1.026525362,0.204485884,-0.571838262,-1.300592857
28,2.519055,0.938240009,0.520244571,0.311933403,-0.928837816,-0.410367088,0.045991119
28,3.734208343,-0.870648525,0.578777754,-0.468550999,-1.198338835,-0.382384933,-2.994998903
28,0.824480953,1.427009964,0.66320647,-0.469934792,-0.854113545,-0.917403261,-1.534239112
28,6.797328523,0.882786031,0.899405033,0.524652019,-1.461221564,-1.224187635,-0.089502758
29,0.451151943,-0.940920009,0.419244806,-0.983050818,-2.335407503,-0.819484209,-0.404957529
29,0.368011933,1.211588839,0.29303628,0.010828736,0.803777211,1.76711428,-1.046957098
29,3.631165755,-3.535330849,-0.103793885,1.374570178,0.907044877,-1.411378752,0.533540137
29,1.490787929,0.338238151,0.720622865,0.855998578,1.578170414,-0.88311486,-0.195324353
29,-1.597995445,0.171796765,-1.458104962,-0.747583299,-1.074539785,0.256311435,-2.862370958
29,2.663518649,-2.175354642,-0.035298208,1.335316281,-1.27816608,-0.151939582,0.790161534
29,2.111445283,-0.225979608,1.272320484,1.714071695,2.505843151,-1.513035971,-0.394974664
29,-1.067803285,1.252288051,-1.35000641,0.533207424,-1.211714415,2.248132857,-0.034791095
29,-2.660898162,0.389739594,-0.073082939,-1.534816747,1.078792622,1.004498241,0.213387558
29,-0.039991571,-0.467922412,1.150818659,0.737060742,-1.309272183,-0.454919006,0.494105866
29,1.478920818,-0.34177521,0.938613736,-0.492886473,0.553663045,-0.827243179,-1.295299924
29,0.694707503,0.708927287,0.802697352,0.062287478,0.581290242,-1.21088316,2.427961653
29,2.253362233,-3.846225923,1.511629173,0.368545728,1.004764786,-0.062100991,0.840603947
29,-3.976020929,-4.401814611,0.26665733,-0.735172072,0.863524348,1.278887402,-0.026023943
29,1.181753959,-0.186119003,1.76981185,0.976346764,-1.023338081,-0.849122822,-1.519754856
30,-1.61838501,4.477310864,1.121565,0.900649921,-1.060398854,-0.380876038,-0.622707257
30,-1.747990697,3.648449934,-1.319223018,0.246916289,0.617392021,-0.885179215,0.862322266
30,2.571782024,0.548316304,0.732821473,0.511962189,-0.03470255,-1.162361022,0.220902414
30,2.34107979,0.304251062,0.756454676,1.011142704,0.323373963,-0.993302373,-0.410675105
30,-1.106286821,4.371570411,-0.84284281,-0.926192237,1.190218011,0.043653108,-0.008665487
30,-3.93175703,2.277332172,0.238824553,-1.175504591,-1.984706847,-0.250660102,1.962973662
30,-0.179963176,-2.471072852,-0.391340267,-0.126167039,-2.008859986,1.531770693,-0.608547024
30,0.523946474,2.826062206,0.787487379,0.898744207,1.203459139,-0.64366403,1.134960227
30,-3.487354377,2.347674889,-0.035006273,-0.5750874,-0.628945216,0.346838095,-0.004967197
30,0.345286934,1.776530411,-1.264199884,0.565675073,1.275275156,-0.45200259,-0.45373382
30,-4.161535261,3.308933829,-1.346465639,-1.173384893,-0.599038586,-1.362547484,0.753590795
30,1.078755896,0.65946456,-0.063729199,1.677826776,0.78487216,0.154671009,0.902278896
30,-1.541908472,0.38237365,-0.891053307,-0.074913945,1.838397134,0.935205947,0.19252341
30,0.909208842,5.614072105,2.074698526,-0.479269868,1.233408098,-0.418904271,0.932087976
30,0.492053461,0.462372675,-0.647684775,-0.022398999,-1.261639005,1.89358,-0.215858382
31,-1.02841619,0.828110441,-2.565977281,-0.549277119,-0.803972955,0.506151007,0.321982637
31,0.373748185,3.914655518,-0.605720614,0.008035243,0.963287375,0.548626756,-1.034912645
31,-1.511245748,-1.151106822,-0.763486329,1.166768383,-0.079959198,0.338480791,-2.071355446
31,2.989070148,1.602147223,-0.116667327,0.986119348,-0.363065911,-2.346094821,0.610983111
31,-0.365743183,-0.323560699,0.259743091,-1.711805506,-1.316926851,-0.720278915,-0.403117374
31,1.703901181,2.570201164,0.831112267,-0.692217726,-1.280087061,-0.465657416,0.360130278
31,1.103817919,0.507271144,-0.135524638,0.865540231,0.999689019,-1.619577621,-0.23869832
31,0.91634891,4.247887566,-0.840100471,2.028289968,-0.194157991,1.920334026,0.428735706
31,1.706238981,5.744151029,-0.404116823,-0.132556163,-0.813611014,-0.806113453,-0.06015994
31,-1.677516615,3.215702385,0.684117903,-2.053602558,-2.009460659,2.056831967,-1.131462298
31,0.510726455,6.86869032,0.120263878,0.475810281,-0.456949441,2.508081628,-0.241643302
31,2.742031319,0.989227212,0.064977364,0.351768844,-0.509326588,-0.197977006,-0.668973392
31,1.439331114,2.435228666,0.731813845,-0.136480648,-1.590591815,-1.705470222,-1.247498939
31,-1.205660781,4.009373549,2.206745374,0.148821272,-0.848373005,1.550864662,-1.322792081
31,2.954772356,5.115811491,-0.771231272,0.39815863,-0.939062162,0.819870725,-0.702645584
32,-1.717895039,-3.177266564,-0.660425392,-0.876427449,-0.567848329,1.019369945,-1.263501788
32,-0.822751101,0.331222985,0.903329125,2.668575022,0.090063681,-1.340091815,0.791785283
32,-3.016737653,-1.899262195,-0.026616333,-0.391850208,1.922931205,2.116295324,-2.264673468
32,-0.802873809,-0.132434117,0.084770444,-0.946121336,0.690024519,1.802261374,-1.392798349
32,0.811390854,1.220507038,-0.80623305,0.503725632,1.936128966,0.677995326,-2.575241664
32,5.006180653,-4.091736586,-0.106891541,2.054624735,0.727917517,-1.947091989,1.010134048
32,-1.63062337,-1.193476514,0.748865534,0.087767137,1.169487934,0.912295207,-1.18871495
32,1.501307082,-0.534682974,0.06137737,-0.04873367,-0.96828,0.429328699,-0.929107554
32,-2.281144767,1.66523633,0.385979354,0.941326764,-0.030729625,0.424410939,-0.303246731
32,-2.455305059,1.525231854,-0.118886817,-0.818416402,-0.466659942,0.797583252,-0.2256576
32,2.454076657,1.681959898,1.432786445,1.143353383,-0.106790607,0.090250912,-0.016271123
32,-1.819530326,-2.547954345,-0.542265577,-1.393788022,-0.849677628,-0.795867616,-1.130358122
32,-1.584294804,-0.230593479,-0.427766767,1.324148651,0.402885514,0.332775744,-0.690441757
32,-6.057035497,-0.685719832,-1.214942851,-0.850755974,0.214265238,0.620131396,-1.234905592
32,-3.47013427,-2.187719829,1.247423746,-0.263454882,0.005142009,0.838959051,0.194751301
33,-2.888026903,-2.818795194,-0.436308786,-2.741334561,1.970085408,1.324013287,0.580388916
33,2.554688844,-4.149199266,-0.547144762,0.609117742,-0.31435099,-1.268926266,-0.867663367
33,0.537182447,-2.772907763,-0.763283685,0.271816858,0.172541399,0.567043892,-0.382434711
33,2.570009091,1.711148404,-0.639012533,-0.015052431,-1.905445587,-1.623649967,-1.447439417
33,3.806420556,-0.696014366,-0.255543032,2.371421607,-2.107723604,-1.80440612,0.200212444
33,-1.450103116,4.685662114,-0.273468522,-0.789814229,-0.070885311,0.106250876,-1.656796634
33,2.551252322,0.858540298,0.324737012,0.45704572,0.079514201,0.095459843,0.597984211
33,1.398354472,4.241925362,-0.330460801,1.113633332,0.588210141,-0.561557782,1.693016784
33,5.73787254,2.054839457,-0.369676943,0.228497112,-1.934163551,1.526781655,-0.800083605
33,-0.893510587,0.320831293,1.327603148,-1.153195039,0.946264928,0.006455728,2.394786744
33,-1.592745151,1.58719909,-0.269319522,-0.365023983,-0.626464013,-1.247916885,-0.203895032
33,1.057905591,3.098444385,1.862497875,-0.054986581,-2.480107331,-1.718113915,1.063924243
33,4.179365238,1.49948792,0.991593917,-1.133205981,-0.156520463,-1.6937103,-0.794802642
33,1.360167665,-1.915459209,2.303599752,1.154988555,1.350226022,-0.33896621,0.46818485
33,-0.484151564,-0.285550259,-0.97422918,-0.944698944,-0.59432677,0.858590697,0.504030675
34,1.998181768,-0.796202518,-0.761910579,2.468498037,-0.750846055,0.880338877,-0.963882572
34,-1.454046146,-3.332943198,-0.700698817,-1.155605726,1.378792,-0.323167553,-0.900022574
34,-0.112193023,-1.638086983,-0.019120819,1.284909295,0.142016767,0.648844355,-3.001545831
34,-3.894842443,-2.521840822,0.111205977,0.198966169,0.767661918,1.000021514,0.5369259
34,-0.066649831,-0.769184821,-0.049085114,1.987301478,-0.842661106,0.877773011,-0.247424483
34,-1.733171844,-4.837608495,-0.749005482,-0.45056391,0.546062015,-0.959916756,-1.429024083
34,-2.236706291,-5.380914895,-1.461428642,0.214941234,-0.680112809,1.97376084,-0.118309198
34,0.756029518,-1.578965512,-0.568677866,1.070824603,0.203873622,-1.854675947,0.103795202
34,-3.549939293,-1.686758632,-2.295879584,0.725394491,-0.040748824,0.46547961,1.397620723
34,-4.176333491,-4.558167685,-0.380619966,0.185151643,1.008725663,1.970393561,-0.387799734
34,-4.201039777,-3.950900663,-2.382993664,-1.457599207,1.023747941,-1.321284964,-0.68817598
34,-5.622573565,0.515141356,-0.489521937,-0.63264696,-0.475698351,2.470366938,0.659999535
34,0.782625184,0.25628435,-0.516944556,0.198798362,-2.21828399,-0.68106306,-0.606301364
34,-1.295897648,-1.82927536,0.235958572,0.8146791,-0.027183364,-0.072002431,0.233454274
34,-1.542316453,-2.709127548,-0.547164209,-0.284565877,1.319217109,-1.18954734,-0.920687484
35,2.903455079,5.22937043,0.614292268,0.26495434,1.813327633,-0.717891986,-0.830032851
35,1.468869363,1.506159567,-0.522022064,-1.009733619,-1.794285952,0.351810631,-0.549935446
35,2.030912656,5.707005154,-0.270603978,0.458875194,-1.664407261,0.241302176,-0.937647104
35,0.993903132,-1.092686999,1.770694739,-1.432179133,-1.366341503,0.457541034,-0.275859805
35,0.616127203,2.52676034,-0.729062377,-2.035467854,-0.193449379,-0.781763301,-1.355941694
35,2.360842773,3.807197255,-0.743448591,-0.166433875,-1.378943199,-0.353409943,0.55450434
35,-2.337741923,3.073020421,-0.76171706,-0.041554655,-0.809888626,1.31749425,0.375947455
35,3.494339306,3.130232149,1.084701942,-0.545049216,1.359826135,-1.258203406,-1.913148737
35,1.541213842,1.270537398,0.107441434,1.756121789,-1.451772552,-0.674139523,0.742596501
35,-3.336243662,3.342956946,-0.621017803,0.639249275,0.443426794,0.271942852,-0.816498119
35,0.099352007,3.82800872,-0.249493805,0.408305592,-0.02481497,0.457764349,-0.731055964
35,0.339872367,4.906787793,-0.399375125,-0.601890859,-0.776851696,0.076571335,-0.987907121
35,3.244146319,1.168698174,-0.899409631,0.751154321,0.366132181,-2.057650461,-0.406877549
35,-2.727422261,0.836775796,-1.086623587,-1.298814318,-0.294596772,-0.406764938,1.141614808
35,-1.690720618,-0.550379663,-0.15809945,1.1071863,0.836689422,0.520027011,-0.03662014
36,-3.550095558,-1.297123483,0.782561739,-0.53797277,1.948942943,1.284729285,-0.417312841
36,2.311884835,0.67234938,1.949325298,0.573125817,-1.702327261,-0.392643244,0.664562393
36,-1.112895261,1.136759822,0.337489225,-2.468518478,0.709477397,0.884200952,-0.587274707
36,-2.979105537,-3.2652986,1.57093263,0.569613423,0.834594947,-0.448075518,-0.358978989
36,-3.165331726,-0.767195291,-0.462190554,-0.803099918,0.368707859,0.022158709,-1.688814686
36,4.354591941,-0.484737983,1.763087205,0.987526229,0.494706579,-1.893503021,1.356620346
36,-3.154606738,0.893347584,-1.704320605,1.506579876,0.077860405,2.018383204,0.700716056
36,2.482664167,-1.471381117,0.758855907,1.770365422,0.526077049,-0.497583696,-1.402050962
36,0.889149488,-1.128409061,0.728004438,0.19052763,0.223052344,-0.378512439,-0.527611921
36,0.853187421,-2.509334043,-0.675253915,-1.62561336,-0.389992304,-0.441047322,-0.313406085
36,-0.183076399,-0.460445181,-0.503169845,-0.512939979,0.221010531,0.035449955,-1.679099574
36,0.102147034,-0.490635604,0.577658218,-0.41411039,-1.14953835,0.18709284,-0.592305086
36,-1.119167138,2.568594131,-0.991974108,-0.220076504,0.479368356,-1.216370099,0.706562487
36,-0.380990987,1.59529383,0.34525955,0.230166765,-0.347166922,1.775203991,1.914941668
36,-2.982221069,0.271202553,0.409045844,1.066357471,2.335638253,0.684458973,-0.96740238
37,0.955762314,-5.656883566,-0.056621879,0.162680668,-0.130744763,0.722987723,-1.049041035
37,0.086250636,-2.172678773,-1.458664137,-0.913284056,0.059386724,-1.008611106,-0.406918347
37,1.560566696,-4.681748751,-0.866277443,-0.853503642,0.977707873,0.530746238,0.670011791
37,-0.958575791,-1.794631353,0.003972096,-0.779955537,0.27931822,0.880148009,-1.539234649
37,-0.984894912,-2.514742704,0.038310381,-1.754339776,0.907988916,-0.355804139,-1.149694928
37,-1.380640301,2.724463895,1.633793839,-0.03249435,-1.2242609,-0.299843501,0.530441227
37,1.169084634,1.583871683,1.404673947,-0.049810627,0.331814475,-0.559112985,-1.025591239
37,2.200986862,-4.004800545,-0.076565427,0.420270171,-1.461597236,-0.783081952,0.093028478
37,0.166152246,-4.469070627,0.174307703,-1.951799518,0.84076847,-0.358290467,-0.828373319
37,-2.087749566,-3.226793327,1.878396047,-1.34975179,1.499151254,0.426524738,0.02909491
37,0.971677537,0.15296707,-0.471397668,-0.864488029,-2.091995173,0.411067239,0.217790925
37,0.118305308,-1.955960112,-0.614683019,1.017772742,0.358489764,1.28187207,-0.479124157
37,-0.15727228,-4.445694043,-1.874206954,-1.512768608,1.38631703,0.121955808,-0.40945311
37,-2.25861534,-1.146596929,0.938313738,-2.10785238,0.933498549,1.606065693,-0.30195877
37,-0.796444278,-3.158804376,0.281892454,0.116692422,0.50761919,0.259422018,0.775584056
38,-1.913246727,-4.102697787,0.516679918,0.310037387,0.500093018,0.185797949,-1.239565421
38,2.644227131,0.395201878,0.732336518,0.716525314,-1.124869241,-1.155775131,-1.829376134
38,3.345010026,-5.636166564,0.878118428,-0.335136522,-0.808281844,-1.027765148,-1.832819363
38,3.014525031,1.063174766,2.109848529,-0.168782762,0.079385741,-1.979199265,0.334430806
38,-0.045262928,3.373817873,-0.091477448,0.29430579,1.107976066,1.531845177,-1.663115379
38,1.949584264,1.696581862,0.093741855,0.164257902,0.171497685,-0.61776682,0.22067536
38,1.997534514,-3.004448072,0.565814974,-0.952489921,1.477862605,0.111828309,-0.149421766
38,-2.959226795,3.293203415,-0.115049706,-0.753821724,0.661492917,-1.342680958,-0.517199596
38,-1.608905147,3.528408126,-1.16140804,0.136833436,0.332313658,1.954080997,-1.493984308
38,-4.738523579,2.592526245,1.048945487,-1.196561807,1.918925154,0.925391285,-0.738929128
38,4.887989045,-0.582950304,-0.646450819,0.315253603,-1.201692778,-1.059326863,-0.234910915
38,0.400635883,0.250289664,0.707000458,-0.476123315,-0.404016838,0.426898431,-0.12912506
38,1.573025013,1.280978608,1.286471788,-0.800844395,1.550114804,-1.069985249,0.805660451
38,2.665368209,0.054598907,-1.129923571,-0.860303371,-1.420798357,-0.514508198,-0.690643896
38,-0.106733428,-1.114621239,1.665584198,0.596161124,0.496316928,-0.412073551,-0.586968755
39,2.941058814,2.836576873,-0.429060961,0.833634409,0.746940697,-0.182948918,-0.528919413
39,0.798287656,3.467518852,1.307859118,0.653705407,-0.741938109,-0.914502509,-0.037378444
39,-1.122854608,-0.07947807,-1.7483422,0.262660037,0.361292365,2.301421222,0.159529558
39,-0.158775865,-0.985950125,0.274399889,0.263909517,0.67651442,-1.119253464,-2.324281213
39,3.503478183,3.243953311,0.527721501,0.722810502,0.660364216,-1.617186488,-0.120353991
39,1.128956493,-1.394232061,0.72288982,1.24106827,0.436235732,0.152240519,0.121091115
39,-2.263392863,3.27876654,-1.384202467,0.12483215,0.219969609,-0.786059238,-1.658204106
39,-0.182941743,-1.652129175,-0.343748632,0.542915284,1.047374811,0.012098774,-0.860047361
39,-2.319387303,-2.196691803,0.874119632,-2.192107768,1.69585349,1.18602453,-0.844667505
39,-1.649269613,0.132941651,1.357400027,-0.460551056,0.053093492,-0.611565081,0.204394369
39,0.225853058,6.203897607,1.816430268,0.676878673,0.59637803,-0.604561935,-1.126500632
39,-0.57326717,2.341156325,0.440758065,-0.722885703,0.958435846,-1.204415402,0.707420531
39,1.410191468,2.224194746,1.55522014,1.528703479,0.982609934,0.479269724,0.00714825
39,-0.860053651,1.25039984,-0.456530527,-0.857770132,-0.789536603,0.146937415,-1.082156677
39,-4.025691757,0.229935084,0.990230643,-0.166758263,0.835992582,1.089577309,-0.52058357
40,-0.002605664,-0.858008402,1.626579803,1.748865667,0.035841799,-0.044877976,-0.199217913
40,-1.931203977,0.607082594,-0.34404842,0.642020508,1.08555933,0.454110994,0.641962786
40,0.343510744,-0.25185133,0.54349557,-0.300706463,-0.810394885,0.019482552,0.829494491
40,0.070387439,-1.395555205,1.705890156,2.178175809,1.413194,-0.668083972,-0.34177456
40,-4.404564137,-2.479138648,-1.647940846,-1.095028795,0.603714621,0.018519397,-1.039263231
40,0.408623736,0.873652682,1.080029058,-0.776879003,-0.310047867,0.421940196,0.15402564
40,-0.151099835,2.702643297,0.11393216,0.839597934,-0.196065938,-1.846704305,0.290075127
40,-5.396423529,-0.226777544,-0.017973914,0.844619347,0.556566034,1.770723907,-2.362828452
40,1.150384929,0.456493924,-0.039354875,0.294096337,1.4586773,-1.163144105,-2.94840699
40,-3.237098654,0.113359704,-0.130682119,-0.236760245,2.596732508,1.156658602,-1.590067473
40,1.520822199,-2.687337936,-1.899403106,1.434118366,0.32267437,-1.099386846,0.401230469
40,-3.445620427,0.045690922,0.734359244,1.05831821,1.309041511,-0.420962886,-0.039078589
40,-5.260382914,1.949323477,0.514727661,-0.382588062,1.352255633,1.748592737,-0.803803914
40,2.282864858,3.780230637,0.431806039,1.962928832,-0.215239449,1.445633743,-1.099498854
40,-2.057945192,-2.682660306,2.522280753,-0.571719772,1.983754319,0.775199298,-2.913112756
41,-0.032681095,0.088928735,0.101799412,-0.338666904,0.108578945,0.894923722,1.706326165
41,-2.625783199,0.361146916,0.077147282,-0.508590446,-0.304782008,-0.385003196,-0.060864291
41,3.203927777,-2.271750287,-0.716274446,2.612040211,-1.409500369,-1.916323327,-0.135880618
41,-2.707647841,-0.536946835,-0.380823491,-0.700472258,0.633587994,-0.271003291,-1.272598619
41,2.796465597,-2.612987589,0.088937834,0.354586706,0.170526925,-1.141075845,-0.345303926
41,-0.278801387,0.231288554,0.942865684,-0.805380297,0.297016728,-0.0116836,0.852502381
41,-1.925924634,1.426987167,1.213703886,0.526412205,0.473702054,0.569756293,0.069609239
41,-1.274964075,2.427682795,-0.960540445,0.51797879,2.014374439,0.901523265,-0.069886697
41,0.59696229,1.243995348,1.003624737,1.413064934,-0.690764967,-0.430036595,-0.267635756
41,0.578180057,3.158595827,-0.386853291,-0.629415011,-0.623604872,2.881746274,-1.25427815
41,-1.455898229,2.807290509,-0.140385382,-0.21403551,-0.206979824,-0.30386337,0.548446869
41,-2.854672853,-1.113373912,1.57567545,-0.053015546,0.51643005,1.227733399,-0.794074306
41,-0.854653443,-1.496583999,-0.321386253,0.426881306,-0.429098886,0.998558236,-0.610521214
41,7.054797664,-0.086664288,-0.899989267,0.940645398,-1.598864045,-2.362477414,-2.306355867
41,-1.115336416,3.030813773,-0.565530523,0.935669606,0.21901855,0.198911806,-1.234874984
42,7.051285976,-0.709085579,0.745424427,0.656312084,-0.330211159,-1.009691401,-2.239587774
42,3.773017654,-0.531615298,-1.549318123,1.685283286,0.094322189,-0.978215455,-0.796765588
42,1.987543927,-0.129073378,0.278714095,0.718204761,-0.762612995,0.171505877,-2.002623445
42,6.417470711,-2.321855762,1.537628685,0.650633225,-1.179195235,-1.762234445,-0.23690691
42,5.986254212,0.92297872,-0.000975352,0.589087892,-0.406573263,-1.743854895,-0.180369576
42,3.313114978,-0.246579513,0.383619437,1.093332398,-1.561070917,0.535613532,0.236800181
42,-0.116508861,0.666169039,0.368974818,-0.430259942,-0.449908355,-2.022367933,-0.458828975
42,-5.698116551,0.833756893,-0.257718349,-1.079345198,0.21541703,1.359930139,-0.911563461
42,4.534870386,-0.59909994,-0.348730259,0.043169519,0.002835841,-1.321654672,-0.08520321
42,-1.905622157,-0.355460118,0.084762559,-1.295596088,-0.414455427,-0.876995386,-0.994698868
42,2.965051166,0.313799743,0.320235359,0.001890233,0.201418103,-0.993074724,-1.977935419
42,-1.85091836,-1.479858767,-0.518462515,-0.724647163,0.956887809,-0.551056648,-2.154457107
42,-0.619250839,6.624336758,1.311918456,-1.448150378,0.922349242,2.113655969,-0.271420957
42,-3.052917784,3.465449039,-0.3768893,-1.647221888,-1.051637337,1.400276655,-0.5694098
42,0.436276685,0.328545484,0.501988058,1.898594484,-1.81480616,-0.006404486,0.660012664
43,-4.804017112,-1.042176106,0.133834367,-0.629846069,-1.406648107,1.405468198,-1.010509471
43,-0.867443105,1.302602982,-0.392975727,0.04483176,0.637657025,-0.703415244,1.297962254
43,-1.112636466,1.380429184,0.14075327,0.217834535,1.357103807,1.986449696,-0.18285747
43,-4.17160812,-0.905390323,-0.121184823,-0.582906375,-0.17643954,1.655681437,-1.497146829
43,-1.140165523,-4.932247825,0.361529409,0.561904627,0.683489751,-0.421683458,-0.573827635
43,-0.703636073,0.029751165,-0.490465268,0.223680677,-0.120992389,0.492273939,-0.19798195
43,-1.829190487,2.254781812,0.88804415,0.252702582,2.4449127,-0.346616301,-1.79049548
43,-1.070242228,0.057136588,0.662535339,-0.254220912,-0.148704657,0.711418781,0.156630273
43,1.958743511,-1.14733651,-0.820645404,0.744937622,-0.983862146,-0.746620487,1.017496844
43,1.9018655,-4.069723005,-1.07929901,-0.250742953,1.705885604,-1.472483228,0.898637858
43,-4.558771297,-3.748037941,0.310059621,-1.629323597,-0.392376511,0.473731376,-1.283102522
43,-5.996904236,2.550105221,0.154428408,-0.924495145,0.961424303,1.653888322,0.067025538
43,-1.226124349,-1.015587708,-1.016700033,-0.113864816,1.294961778,1.174566606,-1.053545559
43,-2.811277391,0.841456997,1.039730449,-0.29382153,1.023560571,1.206278238,-0.249110971
43,-1.539444647,-1.396936961,1.399191691,-0.09491666,-0.568759057,1.980035252,0.575631738
44,2.090158016,0.460187218,0.046008249,-0.936283604,0.368205953,0.43391974,0.338792293
44,2.213876866,0.081291623,0.06512762,1.137615856,-0.276814053,-1.260692263,-0.267666999
44,-0.815047338,-3.405565802,-0.485284646,0.027969298,-0.507368207,0.024648961,0.360003381
44,2.094817721,3.570153125,1.108830864,-1.656510844,-0.052801943,-1.905912594,0.157778993
44,-0.493693253,0.23153264,-1.141319626,-0.834337608,0.407469533,-1.484131602,0.565077284
44,-1.203031196,0.741498881,0.281481717,-0.270553748,1.248133294,1.677534102,0.190260302
44,-0.519535182,1.786254088,-0.121015654,0.182959174,0.676188814,-0.233009616,0.973382739
44,-1.53553929,0.032262132,-1.431395529,1.819885605,0.094467745,0.456062351,-0.529208012
44,-0.926125392,0.460981152,0.383321774,-0.049002024,-0.16002363,1.045049504,-1.890767672
44,0.984074348,-1.102529301,1.272289847,1.455586487,0.133236345,-0.211956645,-0.924732582
44,4.007032918,-3.399478773,0.853396145,1.439440521,-0.552001705,-0.563242108,-1.074493779
44,3.145294742,-3.08610701,1.66493916,-1.191539774,0.852983966,-0.550609835,-1.278095901
44,1.788915763,3.068882313,0.419858961,-0.774119046,1.800782725,-0.586892947,-2.693157732
44,0.794458062,2.030748939,0.815548242,0.120704473,0.362621885,-0.052386501,0.157682961
44,-2.387379061,-2.531803545,-0.675263524,-1.065311758,0.772097479,1.087770798,0.168588069
45,1.948978848,1.253108085,-0.238626393,2.108253141,-0.775586573,-0.699981613,-1.427340441
45,0.230113347,2.999645949,-0.873672365,-0.91331606,0.195581415,-0.176715776,-0.763244701
45,-3.8864531,1.263435638,0.497331069,0.267658199,-1.074870182,1.162015907,-0.934286444
45,2.326967514,4.453664955,0.171173755,0.923140538,1.089846819,-0.993123606,1.849950337
45,0.442626834,-2.098082347,-0.646086939,-0.585290891,-0.650506562,0.824215004,-1.083577789
45,0.487832789,1.372750008,-0.208191681,-0.37294578,0.211563662,-0.651439286,1.036410794
45,3.065194155,1.160782975,-0.78733134,0.484382682,1.519226265,-0.450790217,1.023628321
45,2.340491768,1.807647147,-0.184823357,-0.003417852,-0.505131793,-0.247148996,0.272199387
45,-0.470915137,7.799411312,-0.327253688,-1.09589169,0.053366152,1.137893937,-2.354715333
45,1.009398677,4.608223215,-0.547449138,-0.400536755,0.588660593,0.701837469,1.273486193
45,6.152792472,3.502057608,1.506421839,2.637281081,2.662218586,-1.434706794,-0.146413968
45,1.522470118,2.115432213,0.760267532,0.659301383,-0.736084887,-0.8722301,0.135036972
45,-0.780566651,-0.874773411,-0.027851205,0.035993803,2.129976665,0.546602269,-0.243181589
45,2.947152573,0.967837226,0.02683379,0.378105472,-2.516856825,-0.899879826,-0.581399965
45,-0.516064037,3.931950959,-0.688736102,-0.188973153,1.855671373,-0.528183289,0.259317244
46,0.886687253,-0.389535984,1.024959469,0.51501998,-0.807750272,0.146081106,-0.656164623
46,-3.866222029,1.411632674,-0.012366278,-0.912358759,0.770240032,1.285264903,-0.188705942
46,-2.94368633,-2.082440773,-0.005592743,-0.011211699,-0.264230628,0.961662729,-0.324310781
46,2.121026875,0.540172269,-1.005095345,1.06531016,-0.664072558,0.197915299,0.105084067
46,-0.298683645,-2.452970588,1.545683988,0.931667347,0.726144259,-0.225250825,-0.659394505
46,1.869072702,-1.384335128,-1.200899646,0.873282055,-0.378080005,-0.039335308,-2.818470966
46,-0.48724933,-2.76813398,-1.285582378,-0.852647058,-0.42430655,0.228156188,1.897282949
46,-0.420086568,-0.403066418,-0.266960309,-0.334054758,0.023213574,1.070100922,-0.346004269
46,0.431233888,3.315214548,-0.789042914,1.408806606,0.333814915,-0.752530868,-1.262256737
46,3.914627558,-3.404312275,0.824491441,1.314939097,0.317979111,0.122408422,-0.409880608
46,-1.014186599,-1.70448488,-1.95749492,0.165278345,2.325929485,0.630704244,0.402487063
46,2.250142213,-1.516537655,-0.184149909,-0.456420451,-0.214593859,-0.873220817,0.227239542
46,0.703597808,-2.937325193,-1.155434792,-2.517732329,1.039683997,0.333881889,-1.260267894
46,1.648247348,-2.451294332,-1.540708093,0.918333594,-0.478345223,0.02286341,0.503071387
46,2.318798423,-0.155498292,0.417689433,2.424385462,-0.505495616,-1.005766665,-1.387472646
47,1.808592674,-1.227007285,-1.204161216,1.370730282,-0.318990554,0.722067638,-1.843223459
47,3.344777149,0.486153252,0.47744478,0.138164408,-1.008148583,-0.362056823,1.203749006
47,0.254276796,0.931404216,0.119983415,0.119869509,0.057118618,-0.209252029,0.268508173
47,2.536135006,2.201498902,-0.16210751,-0.256992636,-0.911850087,-0.359747863,-0.613710399
47,1.386551483,-4.224256278,0.426515302,1.543380243,0.475012182,-0.579901325,-0.438263797
47,-0.315028583,2.552407617,-0.425092918,0.105601316,0.904460596,2.431581785,1.239953045
47,3.648871345,-0.369248569,0.875788099,0.896328621,0.022227928,-1.563435982,-0.497467803
47,-3.388406001,-0.633869712,-0.523501161,-0.466448823,0.824175047,1.262643676,1.420940582
47,0.541459245,0.101212679,1.752249636,0.630821117,-0.722230314,0.279840556,-0.593467721
47,0.57282591,-0.169713027,-0.085319321,-0.800071791,1.215499034,0.273245398,0.601376641
47,-1.503880022,-0.137723455,0.61972136,-1.757718875,-1.628658985,0.176494543,-0.578750535
47,3.193849073,1.594693486,-0.043247868,1.287847918,-0.206281298,-2.310697902,-0.823840522
47,-0.104470928,4.579119046,-0.526292828,-0.990510917,-0.024050237,-0.436086155,0.018584461
47,-0.255317375,0.833591278,-0.985340106,-0.829214179,-0.650299864,-0.400499433,-0.225000065
47,3.738295814,2.020148508,1.019829597,0.487371203,0.312974548,-1.143787427,-0.579131534
48,-0.159216507,-0.399060422,-0.121828332,-0.221342332,-0.66662879,1.43527793,-1.324682957
48,3.666402156,-5.131308873,2.102882278,1.592364894,0.214849304,-0.539480132,0.722094654
48,0.708688068,-0.060747313,-0.238588073,1.198454876,0.843217387,-1.049561428,-0.515093494
48,1.563589509,-5.657031946,0.669118092,2.471170694,-1.084794663,-2.028860829,-0.876320188
48,1.924407146,0.597755236,-0.465967586,1.304529411,-1.266218581,-0.886076973,-1.362853035
48,-3.554517594,0.118232142,1.628488892,-0.768864297,0.500932104,2.183037606,-0.166279477
48,0.096123022,-1.372348364,0.162789747,-0.747538199,0.334864203,-0.279593559,0.81615325
48,1.126334719,2.778336956,1.008150452,0.433935067,0.364059887,0.111929147,-0.615456741
48,-1.988249972,-2.755190227,0.177920192,-0.014852619,0.249636146,0.171041584,-1.603267545
48,-1.640443835,-1.387307418,1.271901458,-0.594606817,-1.046923024,-1.21386562,-0.407199493
48,-1.135422786,-0.312309066,-0.300854044,1.079612196,-0.622741718,-0.274332379,-2.402341371
48,3.516307123,-2.860989989,-0.643250564,0.685741574,-1.58298575,-0.288634925,0.52731928
48,-1.100186957,0.225350649,0.256997699,-1.15279482,1.559979299,0.142315333,0.164239494
48,1.598276952,-0.498807199,1.418845007,1.183447368,-0.930154654,-0.843012118,-0.601491409
48,-0.410205336,-0.316324023,1.661590892,-0.136923692,0.408521114,1.051376396,0.975721798
49,-4.509055504,-5.184293992,-0.00686865,-1.557005621,1.338715438,2.553748611,-0.045962743
49,-3.15621702,-3.38741576,1.546263396,-0.799603067,-1.313128479,1.611835096,1.035898338
49,-4.954125815,-3.506147983,0.133415052,-1.209168719,-2.121228263,0.802001239,0.453692203
49,-0.873772113,-4.131680299,1.287428315,-0.967986616,0.018568945,-0.161189918,-0.915893392
49,1.132289039,-5.516924382,-0.301114805,1.290981628,-2.563476385,-2.104842498,-0.495568882
49,-2.882003482,-3.388687087,0.121102273,-0.429630475,0.211910993,-0.084470488,0.561923695
49,2.179065693,-4.031463256,-0.539985833,-0.04980548,-0.228391754,-0.321309437,-0.731591959
49,-0.074134304,-1.932106608,1.628362856,0.020262624,0.209280853,1.410632616,0.153635601
49,-7.0182229,-5.109482054,-0.618257635,-1.262387244,-0.118341339,1.242828573,-0.048751508
49,2.050816025,-0.046775224,-0.403738774,2.332835567,1.704243798,0.577423157,-0.718690525
49,0.217394545,-3.557903434,-0.325593057,-0.04077263,-0.631226217,-1.224819505,1.63682772
49,2.340717421,-6.968088346,1.013761233,1.940070113,0.413714866,0.24437013,-2.665097569
49,-2.947541664,-0.111994973,1.386069012,0.348136652,0.615492661,2.425816629,0.326610041
49,1.151842862,-2.163350641,-0.525847952,1.686514813,-1.291066689,0.087230667,-0.278447101
49,0.505528908,-2.071162342,-0.975489607,1.093482376,1.802339387,1.104787404,-0.471852045
50,-2.929770339,0.044720848,-2.57351364,0.353333178,1.372481219,-0.228393208,0.124789748
50,-1.695200311,1.662164167,-0.280386254,-0.389038042,1.282845589,0.097229143,0.39523642
50,-0.513325922,-1.980366995,-1.238734967,-1.204948519,-1.68699261,-0.768375845,-1.140705827
50,-6.024819442,-1.171970299,0.027781104,0.361291009,0.967418331,1.178570456,-1.199518927
50,-0.937137255,0.434311659,1.314583203,-1.282336025,0.394966295,-1.046163662,-0.8621595
50,-3.906329952,-3.886176995,-0.177127726,-0.678284468,0.941900996,0.746306723,0.193004454
50,4.453131831,-1.838782989,0.953531693,0.967243438,-1.517563776,-1.077878797,-1.45586478
50,-4.644489107,-0.090966942,0.042081246,-1.061523045,-0.313922349,1.711745465,-1.864966666
50,-6.186728496,-1.067964471,-2.824963492,-0.802122483,1.932581496,0.578956957,0.824849046
50,5.415387884,-1.958577442,1.254836643,1.342008946,0.348425625,-1.959066309,0.539295202
50,-0.974014681,1.967586276,1.330779415,-1.542399009,-0.869175892,-1.188386633,-1.731353198
50,-1.757817721,1.790505228,0.848208692,0.968991646,1.483474211,0.773270906,0.504087519
50,-2.583500326,-2.409671133,1.238086414,-0.770407252,-1.385430924,0.085937476,0.245613685
50,0.88135914,0.952483161,-0.61724631,0.616043446,-1.310929135,0.763556757,-1.111090496
50,-5.935829739,-3.670899532,-1.704619263,-1.126724312,1.562585707,2.07714523,-0.739681623
